{
  "processors": [
    {
      "processor_type": "minecraft:rule",
      "rules": [
        {
          "input_predicate": {
            "block": "meadow:limestone",
            "predicate_type": "minecraft:random_block_match",
            "probability": 0.15
          },
          "location_predicate": {
            "predicate_type": "minecraft:always_true"
          },
          "output_state": {
            "Name": "meadow:cobbled_limestone"
          }
        },
        {
          "input_predicate": {
            "block": "meadow:limestone",
            "predicate_type": "minecraft:random_block_match",
            "probability": 0.04
          },
          "location_predicate": {
            "predicate_type": "minecraft:always_true"
          },
          "output_state": {
            "Name": "meadow:alpine_salt_ore"
          }
        },
        {
          "input_predicate": {
            "block": "meadow:limestone",
            "predicate_type": "minecraft:random_block_match",
            "probability": 0.04
          },
          "location_predicate": {
            "predicate_type": "minecraft:always_true"
          },
          "output_state": {
            "Name": "meadow:alpine_coal_ore"
          }
        },
        {
          "input_predicate": {
            "block": "meadow:limestone",
            "predicate_type": "minecraft:random_block_match",
            "probability": 0.03
          },
          "location_predicate": {
            "predicate_type": "minecraft:always_true"
          },
          "output_state": {
            "Name": "meadow:alpine_iron_ore"
          }
        },
        {
          "input_predicate": {
            "block": "meadow:limestone",
            "predicate_type": "minecraft:random_block_match",
            "probability": 0.03
          },
          "location_predicate": {
            "predicate_type": "minecraft:always_true"
          },
          "output_state": {
            "Name": "meadow:alpine_copper_ore"
          }
        },
        {
          "input_predicate": {
            "block": "meadow:limestone",
            "predicate_type": "minecraft:random_block_match",
            "probability": 0.02
          },
          "location_predicate": {
            "predicate_type": "minecraft:always_true"
          },
          "output_state": {
            "Name": "meadow:alpine_gold_ore"
          }
        },
        {
          "input_predicate": {
            "block": "meadow:limestone",
            "predicate_type": "minecraft:random_block_match",
            "probability": 0.002
          },
          "location_predicate": {
            "predicate_type": "minecraft:always_true"
          },
          "output_state": {
            "Name": "meadow:alpine_diamond_ore"
          }
        },
        {
          "input_predicate": {
            "block": "meadow:limestone",
            "predicate_type": "minecraft:random_block_match",
            "probability": 0.002
          },
          "location_predicate": {
            "predicate_type": "minecraft:always_true"
          },
          "output_state": {
            "Name": "meadow:alpine_emerald_ore"
          }
        }
      ]
    }
  ]
}
