{
	"structures":
	[
		{
			"structure": "common_stargates:common_stargate/classic/pedestal/stargate_pedestal",
			"weight": 1
		},
		{
			"structure": "common_stargates:common_stargate/classic/pedestal/red_sandstone_stargate_pedestal",
			"weight": 1
		},
		{
			"structure": "common_stargates:common_stargate/classic/pedestal/sandstone_stargate_pedestal",
			"weight": 1
		},

		{
			"structure": "common_stargates:common_stargate/milky_way/pedestal/stargate_pedestal",
			"weight": 1
		},
		{
			"structure": "common_stargates:common_stargate/milky_way/pedestal/stargate_pedestal_badlands",
			"weight": 1
		},
		{
			"structure": "common_stargates:common_stargate/milky_way/pedestal/stargate_pedestal_deep_dark",
			"weight": 1
		},
		{
			"structure": "common_stargates:common_stargate/milky_way/pedestal/stargate_pedestal_desert",
			"weight": 1
		},
		{
			"structure": "common_stargates:common_stargate/milky_way/pedestal/stargate_pedestal_jungle",
			"weight": 1
		},
		{
			"structure": "common_stargates:common_stargate/milky_way/pedestal/stargate_pedestal_mushroom",
			"weight": 1
		},
		{
			"structure": "common_stargates:common_stargate/milky_way/pedestal/stargate_pedestal_snow",
			"weight": 1
		}
	],
	"placement":
	{
		"salt": 1875847473,
		
		"spacing": 80,

		"separation": 64,

		"type": "minecraft:random_spread"
	}
}