{
  "type": "minecraft:jigsaw",
  "biomes": "#letsdoaddon-structures:has_structure/illager_mine",
  "spawn_overrides": {
    "monster": {
      "bounding_box": "full",
      "spawns": [
        {
          "type": "minecraft:pillager",
          "maxCount": 1,
          "minCount": 1,
          "weight": 20
        },
        {
          "type": "minecraft:vindicator",
          "maxCount": 1,
          "minCount": 1,
          "weight": 5
        },
        {
          "type": "minecraft:evoker",
          "maxCount": 1,
          "minCount": 1,
          "weight": 1
        }
      ]
    }
  },
  "start_pool": "letsdoaddon-structures:illager_mine",
  "size": 7,
  "step": "underground_structures",
  "terrain_adaptation": "none",
  "start_height": {
    "type": "uniform",
    "min_inclusive": {
      "absolute": 0
    },
    "max_inclusive": {
      "absolute": 50
    }
  },
  "max_distance_from_center": 100,
  "use_expansion_hack": false
}
