{
  "type": "minecraft:jigsaw",
  "biomes": "#letsdoaddon-structures:has_structure/meadow_pillager_outpost",
  "spawn_overrides": {
    "monster": {
      "bounding_box": "full",
      "spawns": [
        {
          "type": "minecraft:pillager",
          "maxCount": 4,
          "minCount": 1,
          "weight": 5
        }
      ]
    }
  },
  "start_pool": "letsdoaddon-structures:meadow_pillager_outpost",
  "size": 3,
  "step": "surface_structures",
  "terrain_adaptation": "beard_thin",
  "start_height": {
    "absolute": 0
  },
  "project_start_to_heightmap": "WORLD_SURFACE_WG",
  "max_distance_from_center": 80,
  "use_expansion_hack": false
}
