{
  "type": "minecraft:chest",
  "pools": [
    {
      "rolls": 3.0,
      "bonus_rolls": 0.0,
      "entries": [
        {
          "type": "minecraft:item",
          "weight": 10,
          "functions": [
            {
              "function": "minecraft:set_count",
              "count": {
                "type": "minecraft:uniform",
                "min": 1.0,
                "max": 8.0
              },
              "add": false
            }
          ],
          "name": "minecraft:cobweb"
        },
        {
          "type": "minecraft:item",
          "weight": 10,
          "functions": [
            {
              "function": "minecraft:set_count",
              "count": {
                "type": "minecraft:uniform",
                "min": 0.0,
                "max": 4.0
              },
              "add": false
            }
          ],
          "name": "minecraft:string"
        },
        {
          "type": "minecraft:item",
          "weight": 10,
          "functions": [
            {
              "function": "minecraft:set_count",
              "count": {
                "type": "minecraft:uniform",
                "min": 0.0,
                "max": 4.0
              },
              "add": false
            }
          ],
          "name": "minecraft:rotten_flesh"
        },
        {
          "type": "minecraft:item",
          "weight": 2,
          "functions": [
            {
              "function": "minecraft:set_count",
              "count": {
                "type": "minecraft:uniform",
                "min": -1.0,
                "max": 1.0
              },
              "add": false
            }
          ],
          "name": "minecraft:golden_apple"
        }
      ]
    }
  ]
}
