{
	"name": "common_stargates:milky_way_stargate_pedestal",
	
	"fallback": "minecraft:empty",
	
	"elements":
	[
		{
			"weight": 1,
			"element":
			{
				"location": "common_stargates:common_stargate/milky_way/pedestal/milky_way_stargate_pedestal_1",
				"processors": "minecraft:empty",
				"projection": "rigid",
				"element_type": "minecraft:single_pool_element"
			}
		},
		{
			"weight": 1,
			"element":
			{
				"location": "common_stargates:common_stargate/milky_way/pedestal/milky_way_stargate_pedestal_2",
				"processors": "minecraft:empty",
				"projection": "rigid",
				"element_type": "minecraft:single_pool_element"
			}
		},
		{
			"weight": 1,
			"element":
			{
				"location": "common_stargates:common_stargate/milky_way/pedestal/milky_way_stargate_pedestal_3",
				"processors": "minecraft:empty",
				"projection": "rigid",
				"element_type": "minecraft:single_pool_element"
			}
		},
		{
			"weight": 1,
			"element":
			{
				"location": "common_stargates:common_stargate/milky_way/pedestal/milky_way_stargate_pedestal_4",
				"processors": "minecraft:empty",
				"projection": "rigid",
				"element_type": "minecraft:single_pool_element"
			}
		}
	]
}