{
  "name":"letsdoaddon-structures:crimson_vinery_field",
  "fallback":"minecraft:empty",
  "elements":[
    {
      "weight":1,
      "element":{
        "location":"letsdoaddon-structures:crimson_vinery/crimson_vinery_field_1",
        "processors":"minecraft:empty",
        "projection":"rigid",
        "element_type":"minecraft:single_pool_element"
      }
    },
    {
      "weight":1,
      "element":{
        "location":"letsdoaddon-structures:crimson_vinery/crimson_vinery_field_2",
        "processors":"minecraft:empty",
        "projection":"rigid",
        "element_type":"minecraft:single_pool_element"
      }
    }
  ]
}
