{
  "name":"letsdoaddon-structures:illager_mine_corridor",
  "fallback":"minecraft:empty",
  "elements":[
    {
      "weight":5,
      "element":{
        "location":"letsdoaddon-structures:illager_mine/illager_mine_corridor_1",
        "processors":"letsdoaddon-structures:mine",
        "projection":"rigid",
        "element_type":"minecraft:single_pool_element"
      }
    },
    {
      "weight":5,
      "element":{
        "location":"letsdoaddon-structures:illager_mine/illager_mine_corridor_2",
        "processors":"letsdoaddon-structures:mine",
        "projection":"rigid",
        "element_type":"minecraft:single_pool_element"
      }
    },
    {
      "weight":10,
      "element":{
        "location":"letsdoaddon-structures:illager_mine/illager_mine_corridor_3",
        "processors":"letsdoaddon-structures:mine",
        "projection":"rigid",
        "element_type":"minecraft:single_pool_element"
      }
    },
    {
      "weight":10,
      "element":{
        "location":"letsdoaddon-structures:illager_mine/illager_mine_corridor_4",
        "processors":"letsdoaddon-structures:mine",
        "projection":"rigid",
        "element_type":"minecraft:single_pool_element"
      }
    }
  ]
}
