{
  "name":"letsdoaddon-structures:illager_mine",
  "fallback":"minecraft:empty",
  "elements":[
    {
      "weight":5,
      "element":{
        "location":"letsdoaddon-structures:illager_mine/illager_mine_1",
        "processors":"letsdoaddon-structures:mine",
        "projection":"rigid",
        "element_type":"minecraft:single_pool_element"
      }
    },
    {
      "weight":5,
      "element":{
        "location":"letsdoaddon-structures:illager_mine/illager_mine_2",
        "processors":"letsdoaddon-structures:mine",
        "projection":"rigid",
        "element_type":"minecraft:single_pool_element"
      }
    },
    {
      "weight":5,
      "element":{
        "location":"letsdoaddon-structures:illager_mine/illager_mine_3",
        "processors":"letsdoaddon-structures:mine",
        "projection":"rigid",
        "element_type":"minecraft:single_pool_element"
      }
    },
    {
      "weight":5,
      "element":{
        "location":"letsdoaddon-structures:illager_mine/illager_mine_4",
        "processors":"letsdoaddon-structures:mine",
        "projection":"rigid",
        "element_type":"minecraft:single_pool_element"
      }
    }
  ]
}
