{
  "name":"letsdoaddon-structures:meadow_pillager_outpost_feature",
  "fallback":"minecraft:empty",
  "elements":[
    {
      "weight":5,
      "element":{
        "location":"letsdoaddon-structures:meadow_pillager_outpost/outpost_feature/meadow_pillager_outpost_cage_allay",
        "processors":"minecraft:empty",
        "projection":"rigid",
        "element_type":"minecraft:single_pool_element"
      }
    },
    {
      "weight":5,
      "element":{
        "location":"letsdoaddon-structures:meadow_pillager_outpost/outpost_feature/meadow_pillager_outpost_cage_golem",
        "processors":"minecraft:empty",
        "projection":"rigid",
        "element_type":"minecraft:single_pool_element"
      }
    },
    {
      "weight":5,
      "element":{
        "location":"letsdoaddon-structures:meadow_pillager_outpost/outpost_feature/meadow_pillager_outpost_dummy",
        "processors":"minecraft:empty",
        "projection":"rigid",
        "element_type":"minecraft:single_pool_element"
      }
    },
    {
      "weight":5,
      "element":{
        "location":"letsdoaddon-structures:meadow_pillager_outpost/outpost_feature/meadow_pillager_outpost_logpile",
        "processors":"minecraft:empty",
        "projection":"rigid",
        "element_type":"minecraft:single_pool_element"
      }
    },
    {
      "weight":5,
      "element":{
        "location":"letsdoaddon-structures:meadow_pillager_outpost/outpost_feature/meadow_pillager_outpost_tent",
        "processors":"minecraft:empty",
        "projection":"rigid",
        "element_type":"minecraft:single_pool_element"
      }
    }
  ]
}
