{
  "name":"letsdoaddon-structures:mine_illager",
  "fallback":"minecraft:empty",
  "elements":[
    {
      "weight":20,
      "element":{
        "location":"letsdoaddon-structures:illager_mine/mine_illager/mine_pillager",
        "processors":"minecraft:empty",
        "projection":"rigid",
        "element_type":"minecraft:single_pool_element"
      }
    },
    {
      "weight":15,
      "element":{
        "location":"letsdoaddon-structures:illager_mine/mine_illager/mine_vindicator",
        "processors":"minecraft:empty",
        "projection":"rigid",
        "element_type":"minecraft:single_pool_element"
      }
    },
    {
      "weight":10,
      "element":{
        "location":"letsdoaddon-structures:illager_mine/mine_illager/mine_pillager_captain",
        "processors":"minecraft:empty",
        "projection":"rigid",
        "element_type":"minecraft:single_pool_element"
      }
    },
    {
      "weight":1,
      "element":{
        "location":"letsdoaddon-structures:illager_mine/mine_illager/mine_evoker",
        "processors":"minecraft:empty",
        "projection":"rigid",
        "element_type":"minecraft:single_pool_element"
      }
    }
  ]
}
