{
  "name":"letsdoaddon-structures:vinery_field",
  "fallback":"minecraft:empty",
  "elements":[
    {
      "weight":1,
      "element":{
        "location":"letsdoaddon-structures:vinery/vinery_field_1",
        "processors":"minecraft:empty",
        "projection":"rigid",
        "element_type":"minecraft:single_pool_element"
      }
    },
    {
      "weight":1,
      "element":{
        "location":"letsdoaddon-structures:vinery/vinery_field_2",
        "processors":"minecraft:empty",
        "projection":"rigid",
        "element_type":"minecraft:single_pool_element"
      }
    },
    {
      "weight":1,
      "element":{
        "location":"letsdoaddon-structures:vinery/vinery_field_3",
        "processors":"minecraft:empty",
        "projection":"rigid",
        "element_type":"minecraft:single_pool_element"
      }
    },
    {
      "weight":1,
      "element":{
        "location":"letsdoaddon-structures:vinery/vinery_field_4",
        "processors":"minecraft:empty",
        "projection":"rigid",
        "element_type":"minecraft:single_pool_element"
      }
    },
    {
      "weight":1,
      "element":{
        "location":"letsdoaddon-structures:vinery/orchard_apple",
        "processors":"minecraft:empty",
        "projection":"rigid",
        "element_type":"minecraft:single_pool_element"
      }
    },
    {
      "weight":1,
      "element":{
        "location":"letsdoaddon-structures:vinery/orchard_cherry",
        "processors":"minecraft:empty",
        "projection":"rigid",
        "element_type":"minecraft:single_pool_element"
      }
    }
  ]
}
