{
  "name":"letsdoaddon-structures:vinery_path",
  "fallback":"minecraft:empty",
  "elements":[
    {
      "weight":1,
      "element":{
        "location":"letsdoaddon-structures:vinery/vinery_path_1",
        "processors":"minecraft:empty",
        "projection":"terrain_matching",
        "element_type":"minecraft:single_pool_element"
      }
    },
    {
      "weight":1,
      "element":{
        "location":"letsdoaddon-structures:vinery/vinery_path_2",
        "processors":"minecraft:empty",
        "projection":"terrain_matching",
        "element_type":"minecraft:single_pool_element"
      }
    },
    {
      "weight":1,
      "element":{
        "location":"letsdoaddon-structures:vinery/vinery_path_3",
        "processors":"minecraft:empty",
        "projection":"terrain_matching",
        "element_type":"minecraft:single_pool_element"
      }
    },
    {
      "weight":1,
      "element":{
        "location":"letsdoaddon-structures:vinery/vinery_path_4",
        "processors":"minecraft:empty",
        "projection":"terrain_matching",
        "element_type":"minecraft:single_pool_element"
      }
    },
    {
      "weight":1,
      "element":{
        "location":"letsdoaddon-structures:vinery/vinery_path_5",
        "processors":"minecraft:empty",
        "projection":"terrain_matching",
        "element_type":"minecraft:single_pool_element"
      }
    }
  ]
}
