{
  "name":"letsdoaddon-structures:vinery_basement",
  "fallback":"minecraft:empty",
  "elements":[
    {
      "weight":1,
      "element":{
        "location":"letsdoaddon-structures:vinery/vinery_basement_1",
        "processors":"letsdoaddon-structures:meadow_age",
        "projection":"rigid",
        "element_type":"minecraft:single_pool_element"
      }
    },
    {
      "weight":1,
      "element":{
        "location":"letsdoaddon-structures:vinery/vinery_basement_2",
        "processors":"letsdoaddon-structures:meadow_age",
        "projection":"rigid",
        "element_type":"minecraft:single_pool_element"
      }
    },
    {
      "weight":1,
      "element":{
        "location":"letsdoaddon-structures:vinery/vinery_basement_3",
        "processors":"letsdoaddon-structures:meadow_age",
        "projection":"rigid",
        "element_type":"minecraft:single_pool_element"
      }
    }
  ]
}
