{
  "name":"letsdoaddon-structures:mangrove_outpost/bookshelf",
  "fallback":"minecraft:empty",
  "elements":[
    {
      "weight":1,
      "element":{
        "location":"letsdoaddon-structures:mangrove_outpost/bookshelf/1",
        "processors":"minecraft:empty",
        "projection":"rigid",
        "element_type":"minecraft:single_pool_element"
      }
    },
    {
      "weight":1,
      "element":{
        "location":"letsdoaddon-structures:mangrove_outpost/bookshelf/2",
        "processors":"minecraft:empty",
        "projection":"rigid",
        "element_type":"minecraft:single_pool_element"
      }
    },
    {
      "weight":1,
      "element":{
        "location":"letsdoaddon-structures:mangrove_outpost/bookshelf/3",
        "processors":"minecraft:empty",
        "projection":"rigid",
        "element_type":"minecraft:single_pool_element"
      }
    },
    {
      "weight":1,
      "element":{
        "location":"letsdoaddon-structures:mangrove_outpost/bookshelf/4",
        "processors":"minecraft:empty",
        "projection":"rigid",
        "element_type":"minecraft:single_pool_element"
      }
    },
    {
      "weight":1,
      "element":{
        "location":"letsdoaddon-structures:mangrove_outpost/bookshelf/5",
        "processors":"minecraft:empty",
        "projection":"rigid",
        "element_type":"minecraft:single_pool_element"
      }
    },
    {
      "weight":1,
      "element":{
        "location":"letsdoaddon-structures:mangrove_outpost/bookshelf/6",
        "processors":"minecraft:empty",
        "projection":"rigid",
        "element_type":"minecraft:single_pool_element"
      }
    },
    {
      "weight":1,
      "element":{
        "location":"letsdoaddon-structures:mangrove_outpost/bookshelf/7",
        "processors":"minecraft:empty",
        "projection":"rigid",
        "element_type":"minecraft:single_pool_element"
      }
    },
    {
      "weight":1,
      "element":{
        "location":"letsdoaddon-structures:mangrove_outpost/bookshelf/8",
        "processors":"minecraft:empty",
        "projection":"rigid",
        "element_type":"minecraft:single_pool_element"
      }
    },
    {
      "weight":1,
      "element":{
        "location":"letsdoaddon-structures:mangrove_outpost/bookshelf/9",
        "processors":"minecraft:empty",
        "projection":"rigid",
        "element_type":"minecraft:single_pool_element"
      }
    },
    {
      "weight":1,
      "element":{
        "location":"letsdoaddon-structures:mangrove_outpost/bookshelf/10",
        "processors":"minecraft:empty",
        "projection":"rigid",
        "element_type":"minecraft:single_pool_element"
      }
    },
    {
      "weight":1,
      "element":{
        "location":"letsdoaddon-structures:mangrove_outpost/bookshelf/11",
        "processors":"minecraft:empty",
        "projection":"rigid",
        "element_type":"minecraft:single_pool_element"
      }
    },
    {
      "weight":1,
      "element":{
        "location":"letsdoaddon-structures:mangrove_outpost/bookshelf/12",
        "processors":"minecraft:empty",
        "projection":"rigid",
        "element_type":"minecraft:single_pool_element"
      }
    },
    {
      "weight":1,
      "element":{
        "location":"letsdoaddon-structures:mangrove_outpost/bookshelf/13",
        "processors":"minecraft:empty",
        "projection":"rigid",
        "element_type":"minecraft:single_pool_element"
      }
    },
    {
      "weight":1,
      "element":{
        "location":"letsdoaddon-structures:mangrove_outpost/bookshelf/14",
        "processors":"minecraft:empty",
        "projection":"rigid",
        "element_type":"minecraft:single_pool_element"
      }
    }
  ]
}
