{
  "type": "minecraft:chest",
  "pools": [
    {
      "rolls": 3.0,
      "bonus_rolls": 0.0,
      "entries": [
        {
          "type": "minecraft:item",
          "weight": 10,
          "functions": [
            {
              "function": "minecraft:set_count",
              "count": {
                "type": "minecraft:uniform",
                "min": 1.0,
                "max": 8.0
              },
              "add": false
            }
          ],
          "name": "minecraft:arrow"
        },
        {
          "type": "minecraft:item",
          "functions": [
            {
              "add": false,
              "count": 1.0,
              "function": "minecraft:set_count"
            },
            {
              "add": false,
              "damage": {
                "type": "minecraft:uniform",
                "max": 1.0,
                "min": 0.8
              },
              "function": "minecraft:set_damage"
            },
            {
              "function": "minecraft:enchant_with_levels",
              "levels": {
                "type": "minecraft:uniform",
                "max": 30.0,
                "min": 0.0
              },
              "treasure": true
            }
          ],
          "name": "minecraft:crossbow",
          "weight": 2
        },
        {
          "type": "minecraft:item",
          "functions": [
            {
              "add": false,
              "count": 1.0,
              "function": "minecraft:set_count"
            },
            {
              "add": false,
              "damage": {
                "type": "minecraft:uniform",
                "max": 1.0,
                "min": 0.8
              },
              "function": "minecraft:set_damage"
            },
            {
              "function": "minecraft:enchant_with_levels",
              "levels": {
                "type": "minecraft:uniform",
                "max": 30.0,
                "min": 0.0
              },
              "treasure": true
            }
          ],
          "name": "minecraft:bow",
          "weight": 2
        }
      ]
    }
  ]
}
